year,state,state_name,county_fips,county_name,tract_count,total_population,total_adult_population,current_smoking,diabetes,frequent_mental_distress,high_blood_pressure,lack_health_insurance,obesity,physical_inactivity
2023,AK,Alaska,02172,County 172,46,34547,26582,19.5,12.5,16.2,30.6,14.7,35.2,25.5
2023,AK,Alaska,02186,County 186,30,160979,123289,13.3,7.8,14.4,31.6,7.2,26.5,24.1
2023,AK,Alaska,02276,County 276,54,41359,34169,4.4,1,5,25.3,3.7,29.5,21.3
2023,AK,Alaska,02317,County 317,22,261565,213839,13.2,7.6,11.4,29.3,10.5,33.2,20.3
2023,AK,Alaska,02356,County 356,17,531384,361707,9.7,4.8,10.1,30.4,8.1,37.3,21.7
2023,AK,Alaska,02494,County 494,79,60499,47459,11.5,13,19,35.6,19,36.8,28.1
2023,AK,Alaska,02500,County 500,23,5575,4005,20.9,15.2,16.7,31.4,15,41.6,32.2
2023,AL,Alabama,01090,County 090,65,164219,111977,23.2,14.5,18.1,38.6,12.8,36.1,32.7
2023,AL,Alabama,01105,County 105,7,80076,65920,12.9,8.8,16.6,26.9,4.7,32.9,31.4
2023,AL,Alabama,01235,County 235,74,21510,16569,10.4,5.9,12.9,26.8,9.8,33.2,23.4
2023,AL,Alabama,01400,County 400,55,47822,38916,14.2,18.8,21.9,29.8,6.9,34.9,20.8
2023,AL,Alabama,01481,County 481,71,32377,27061,6.9,8.3,15.6,28.7,12.6,33.1,23.5
2023,AR,Arkansas,04095,County 095,51,308006,258094,8.2,7.7,10.8,34.4,8.3,35.1,20.1
2023,AR,Arkansas,04262,County 262,9,31821,22646,14.9,11.1,15.8,25.1,12.4,37,23.7
2023,AR,Arkansas,04309,County 309,26,95716,69580,15.8,7.6,16.8,30,14.5,29.6,26.5
2023,AR,Arkansas,04365,County 365,42,9094,6815,17.2,15.6,20.1,35.4,15.3,41.8,30.3
2023,AZ,Arizona,03003,County 003,60,130871,102952,14.8,11.3,17,31.4,10.1,34.6,27.1
2023,AZ,Arizona,03008,County 008,74,67064,45989,17.4,12.1,16.1,31.2,14.3,33,26.2
2023,AZ,Arizona,03059,County 059,47,356594,291858,16.5,14.7,21.6,31.8,24.9,40,30.3
2023,AZ,Arizona,03061,County 061,73,39852,27901,5.8,10.4,10.3,26.1,6.3,30.3,20.3
2023,AZ,Arizona,03089,County 089,60,15555,10715,8.6,7,16.9,23.7,4.3,30.3,21.5
2023,AZ,Arizona,03091,County 091,75,20617,14041,9.2,1.5,7.1,23.5,3.4,26.1,17.4
2023,AZ,Arizona,03107,County 107,46,63607,44463,16.7,10.9,16.2,34.8,13.5,34.7,25.1
2023,AZ,Arizona,03129,County 129,42,143978,120011,7.1,6.9,14.5,31.3,8.5,33.7,22.1
2023,AZ,Arizona,03199,County 199,26,35418,26374,4.7,9.5,12.6,24.5,2.6,31,23.6
2023,AZ,Arizona,03265,County 265,73,26642,21991,9.3,12.5,9,25.4,3.5,35.3,21.5
2023,AZ,Arizona,03300,County 300,70,54492,45435,14.3,16,16.5,33.6,16.7,36.3,30.5
2023,AZ,Arizona,03307,County 307,24,304379,238832,11.3,5.1,9.2,22.8,6.8,23.9,23.7
2023,AZ,Arizona,03344,County 344,50,14128,10513,13.8,11.3,9.9,29.5,5.6,33.6,27.6
2023,AZ,Arizona,03432,County 432,80,48044,32715,16,11.6,18.7,34.1,15.8,37.4,24.6
2023,AZ,Arizona,03450,County 450,26,26895,20616,5.9,6.9,5.6,23.6,4.8,31.5,17.5
2023,CA,California,05022,County 022,65,46634,34412,27.6,24.9,26,39.9,23.3,43.6,36.8
2023,CA,California,05024,County 024,41,39180,30695,25.4,16,23.4,36.2,17.4,37.7,30.6
2023,CA,California,05067,County 067,9,129978,90906,12.3,2.3,10.9,26.8,6.2,27.2,19.4
2023,CA,California,05100,County 100,25,33915,26992,9.5,10.7,15.7,29.1,6.1,30.3,24.6
2023,CA,California,05197,County 197,46,485624,334305,16.1,11.2,22.2,35.8,15.4,35.1,27.4
2023,CA,California,05260,County 260,8,20103,16791,14.1,10.3,13.7,30.4,5.9,32.5,24.2
2023,CA,California,05270,County 270,45,176748,138525,21,9.2,19.3,31.5,13.8,37.5,26.4
2023,CA,California,05386,County 386,61,33998,23196,13.7,16.1,17.8,31.8,12.6,31.6,23.4
2023,CA,California,05403,County 403,32,469562,354512,16.9,16.7,19.6,35.5,19.6,43.6,31.7
2023,CA,California,05436,County 436,5,40213,32456,6.5,6.1,11.9,22.7,9.5,30.2,25.6
2023,CA,California,05462,County 462,55,41407,32771,12.5,6.6,11,26.5,8,28.9,19.8
2023,CA,California,05466,County 466,8,129690,106029,12.2,12,21.1,32,13.8,35.6,29.7
2023,CO,Colorado,06086,County 086,34,154443,118045,11.1,7.8,16.5,32.7,9.5,32.6,24.3
2023,CO,Colorado,06108,County 108,56,320636,242781,9.7,10.8,17.7,37,14.9,32.1,25.6
2023,CO,Colorado,06132,County 132,44,214350,168533,6,12.4,22.6,32.1,12.9,27.3,22
2023,CO,Colorado,06160,County 160,7,63016,49406,13.2,1,11.4,26.8,3.9,24.8,16.6
2023,CO,Colorado,06161,County 161,13,46984,33795,18.5,20.1,19.6,40.4,20.5,40.8,32.5
2023,CO,Colorado,06166,County 166,26,375818,306347,17.5,8,15.6,29.1,16.7,30.7,23.9
2023,CO,Colorado,06170,County 170,25,15190,11419,8.2,4.2,6.3,27,5.6,22.9,20.5
2023,CO,Colorado,06222,County 222,46,72178,49779,8.5,9,10.1,29.9,4.4,24.9,15.6
2023,CO,Colorado,06224,County 224,55,97446,81326,11.3,5.9,11.8,32.3,8.4,34.8,27
2023,CO,Colorado,06275,County 275,57,19937,14119,18.7,14.7,20.2,34.3,15,33.3,28.7
2023,CO,Colorado,06325,County 325,19,6883,4779,9.7,11.4,20.4,35,15.3,34.1,31
2023,CO,Colorado,06328,County 328,33,92230,69241,17.6,10.6,19.1,32.9,9.9,38.7,25.1
2023,CO,Colorado,06385,County 385,76,93089,77414,13,15,15.8,37.4,8.3,29.2,22.3
2023,CO,Colorado,06439,County 439,66,69322,57608,6.9,1,9.8,25.5,2.4,22.3,14.2
2023,CT,Connecticut,07058,County 058,72,36044,26784,19.8,15.9,11.8,29.5,10.5,35.9,27.4
2023,CT,Connecticut,07150,County 150,61,11769,9713,17,14,25.2,34.7,15.4,41,32.1
2023,CT,Connecticut,07173,County 173,74,18311,12742,13.3,4.7,17.2,30.2,7.9,29.4,22.4
2023,CT,Connecticut,07184,County 184,29,50317,41528,15.2,12.1,11.7,28.8,6.1,30.5,22
2023,CT,Connecticut,07341,County 341,34,226454,175692,19.2,18.6,17.2,36.1,14.1,34,26.8
2023,CT,Connecticut,07471,County 471,59,91081,62779,13.7,10.6,19.8,36.1,7.4,32.4,25.6
2023,CT,Connecticut,07514,County 514,7,237906,167093,15,1.8,13.8,27.1,10.2,37.8,27.3
2023,DE,Delaware,08011,County 011,43,173979,129672,14.3,17.3,12.7,37.6,14.8,33.7,26.5
2023,DE,Delaware,08154,County 154,40,234311,160606,14.6,10,15.1,31.7,12,31.4,23.4
2023,DE,Delaware,08169,County 169,73,69169,58098,14.2,14.1,17.7,28.4,6.8,34.5,26.1
2023,DE,Delaware,08192,County 192,50,105010,80569,21,17.3,20,34.2,11.9,36.9,31.4
2023,DE,Delaware,08231,County 231,36,137519,104451,12.7,10.3,15.5,25.3,14.4,33.7,26.9
2023,DE,Delaware,08233,County 233,19,40495,29564,14.5,14.3,17.4,32.7,10.3,34.5,26.4
2023,DE,Delaware,08234,County 234,37,18565,12922,14.5,7.5,15.5,25.2,11.5,30.7,22.8
2023,DE,Delaware,08268,County 268,34,78740,65088,10.7,8.4,8.3,27.7,10.2,27,19.2
2023,DE,Delaware,08417,County 417,11,126268,101360,19.4,8.5,14.5,30.3,12.7,33.3,29.7
2023,DE,Delaware,08458,County 458,19,33805,23354,24.7,17.1,17.1,41.1,14.2,41,32
2023,DE,Delaware,08460,County 460,46,22204,18232,23.1,17.1,27.3,33.6,17.2,38.2,33.2
2023,FL,Florida,09036,County 036,20,211534,150269,20,23.1,19.6,39.4,20,39.9,32.3
2023,FL,Florida,09052,County 052,14,39193,28284,22,10.5,19.9,29.1,15.1,36.3,26.4
2023,FL,Florida,09162,County 162,76,137373,103227,23.8,19.3,22.7,42.7,16.2,44.3,29.9
2023,FL,Florida,09167,County 167,38,339215,251959,14.5,16.7,17.2,31.4,8.3,36.4,26.4
2023,FL,Florida,09289,County 289,71,169791,124652,9.2,1.8,11.9,19.8,6.6,26,20.1
2023,FL,Florida,09381,County 381,63,113686,78161,19.8,15,20.7,37.2,20.3,41.2,32.6
2023,FL,Florida,09391,County 391,22,40415,33898,18.9,12.7,20.3,34.1,8.3,34.6,29.4
2023,FL,Florida,09402,County 402,75,280038,215797,17.4,14.3,16.6,33.4,9.5,39.2,33.9
2023,FL,Florida,09426,County 426,49,88756,67313,11,7.7,17.4,30.9,8.6,36.8,19.3
2023,FL,Florida,09442,County 442,42,64425,51407,11.2,8,16.5,33.5,17.5,34.3,24.4
2023,FL,Florida,09464,County 464,37,37808,30220,22,23.8,23.7,44.2,21.3,41,34.3
2023,GA,Georgia,10056,County 056,18,17598,13751,16.8,14.6,15.1,31.3,10.4,29.3,29.3
2023,GA,Georgia,10084,County 084,75,189380,146431,14.4,1.8,12.8,21.9,6.4,31.8,22.6
2023,GA,Georgia,10142,County 142,5,13161,9942,12.6,6.4,11.1,31.1,9.5,27.2,24.9
2023,GA,Georgia,10146,County 146,79,23930,19912,17.2,13.8,16.4,29.5,12.6,31.3,25.8
2023,GA,Georgia,10191,County 191,55,13361,10597,11.4,5.7,1.5,25.8,10.1,29.5,22
2023,GA,Georgia,10225,County 225,30,52138,37591,17.1,10,15.6,39,8.1,37.5,29.5
2023,GA,Georgia,10227,County 227,39,91154,74555,11.9,15,17.5,32.6,6.3,27,24
2023,GA,Georgia,10229,County 229,1,35283,24041,12.1,15,13.4,30.3,10.2,30.4,19.7
2023,GA,Georgia,10352,County 352,13,77411,64739,13.5,9.7,17.4,32.7,13.8,31.3,29.3
2023,GA,Georgia,10357,County 357,26,526125,434320,8.6,9.8,11.2,23.4,12.8,32.4,23.3
2023,GA,Georgia,10423,County 423,23,415688,314701,11.8,13.6,18.7,33.5,10.2,30.7,22.3
2023,HI,Hawaii,11001,County 001,28,113720,79087,4.6,7.1,13.3,27,5.9,24.7,21.4
2023,HI,Hawaii,11032,County 032,26,89544,64060,15.1,6.5,15.1,33.4,9.8,29.9,24.1
2023,HI,Hawaii,11203,County 203,50,103651,77691,18.9,16.4,25.1,38.4,16.4,45.4,28.3
2023,HI,Hawaii,11232,County 232,69,62867,48487,22.4,15.3,20.5,27.5,17.5,34.7,31.1
2023,HI,Hawaii,11271,County 271,12,72319,53305,9.8,7.2,14.6,26.1,8.2,27.9,20.7
2023,HI,Hawaii,11364,County 364,17,89896,64180,5.3,7.2,12.6,20.7,7.7,31.1,22.4
2023,HI,Hawaii,11372,County 372,35,131104,89714,13.1,11.6,14.2,31.8,15,29.4,25
2023,HI,Hawaii,11453,County 453,16,77933,60458,17.5,16.4,15.9,35,14.7,39.6,26.9
2023,HI,Hawaii,11485,County 485,25,106010,81000,15.6,10.2,13.4,31.8,6.3,30.6,28.4
2023,HI,Hawaii,11518,County 518,7,46294,35945,16.2,6.8,11.3,28.1,11,33.4,23.9
2023,IA,Iowa,15018,County 018,1,1177782,829520,12.6,14.3,20.1,30.8,4.2,33.5,21.2
2023,IA,Iowa,15029,County 029,80,450050,377161,13.6,3.5,10.4,29.4,10.9,31.6,25.4
2023,IA,Iowa,15043,County 043,27,42733,29381,9.8,7,9.6,30,6.1,28.4,23.6
2023,IA,Iowa,15053,County 053,67,21636,17698,19.9,9.2,16.9,29.4,13.3,32.7,25.4
2023,IA,Iowa,15205,County 205,13,38636,26830,14.3,8,12.8,28.2,6.5,35.2,24.6
2023,IA,Iowa,15267,County 267,58,275095,230048,20.7,7.9,22.7,32.8,11.4,34.1,27.1
2023,IA,Iowa,15468,County 468,4,260759,192160,13.2,15.8,16.6,39.5,10.4,35.4,31.6
2023,IA,Iowa,15509,County 509,50,24297,18080,10.9,3,12.5,21.6,4.6,22.2,21.6
2023,ID,Idaho,12006,County 006,14,59145,40963,10.7,10,19.7,40,13.2,35.4,26.8
2023,ID,Idaho,12164,County 164,70,37069,27825,16.8,15.1,18.7,32.4,11.7,34.4,24.2
2023,ID,Idaho,12201,County 201,28,135577,109966,14.4,6.4,16.2,31.3,9.6,41.2,28.5
2023,ID,Idaho,12279,County 279,41,119902,86723,17,12.1,16.2,34.5,10,38.6,26.6
2023,ID,Idaho,12310,County 310,23,93773,72911,11.1,4.5,11.2,23.5,4.9,28.9,22.4
2023,ID,Idaho,12389,County 389,22,10848,8490,15.8,14.3,15.3,34.7,21,33.3,29.1
2023,ID,Idaho,12393,County 393,6,73315,57029,17,4.5,7.7,37,6.7,24.9,19.5
2023,ID,Idaho,12413,County 413,66,240198,173978,24.4,19.5,26.8,38.7,25.6,45.7,32.9
2023,ID,Idaho,12438,County 438,63,74908,62236,15.1,5.4,17.3,25.4,18.1,35.5,27.8
2023,IL,Illinois,13005,County 005,66,32415,24274,20.2,14.7,22.4,36.2,15.6,33.2,29.3
2023,IL,Illinois,13093,County 093,22,66319,46073,13.3,14.9,16.2,37.1,13.6,36.3,28.8
2023,IL,Illinois,13112,County 112,37,31990,25634,22.4,9,21.9,35.6,17.8,36.5,27.3
2023,IL,Illinois,13123,County 123,60,91518,68696,16,7.1,16.5,23.4,11.7,36.6,21.8
2023,IL,Illinois,13126,County 126,9,29106,23169,17.1,14.2,19.4,38.6,16.1,36.5,27.3
2023,IL,Illinois,13158,County 158,42,92709,77142,17.6,16.7,21,37,13.7,34.1,24.7
2023,IL,Illinois,13207,County 207,51,95172,74458,16.3,16.6,16.8,35.4,13.1,35.7,33
2023,IL,Illinois,13245,County 245,26,229108,187037,5.5,1.7,2.9,25,5.3,24.1,11.9
2023,IL,Illinois,13280,County 280,31,53083,41831,15.3,11.7,14,31.4,12.7,33.2,26.6
2023,IL,Illinois,13295,County 295,5,162484,127775,11.6,7.3,11.4,35.6,11.9,29.1,20.6
2023,IL,Illinois,13316,County 316,12,133270,99122,18.2,10.5,17.7,36.8,10.7,37.7,33.8
2023,IL,Illinois,13395,County 395,74,83876,69927,18,7.9,18.9,38.9,12.8,41.1,32.1
2023,IL,Illinois,13477,County 477,3,27815,19983,13.7,8.2,12.7,25.1,7.1,32.2,30.6
2023,IN,Indiana,14009,County 009,13,655480,453039,20.3,1.6,12.1,24.9,8.3,32.4,18.8
2023,IN,Indiana,14065,County 065,71,16401,12191,14.5,13.5,12.1,36.4,14,36.5,27.5
2023,IN,Indiana,14110,County 110,2,86084,61492,6.7,3.5,7.6,19.8,3.3,25.1,18.1
2023,IN,Indiana,14121,County 121,14,77262,58765,19.2,12,13.7,38.6,18.4,39.9,27.1
2023,IN,Indiana,14156,County 156,38,134413,111815,9.9,5.2,15.3,28.1,8.2,29.2,21.9
2023,IN,Indiana,14165,County 165,42,357500,299263,14.2,14.8,13.3,31.3,10.2,36.5,28.9
2023,IN,Indiana,14168,County 168,20,9138,6324,13.4,11.7,10.3,34.6,7,29.4,25.9
2023,IN,Indiana,14221,County 221,43,160304,118777,13,13.8,11.7,28,7.1,26.7,24
2023,IN,Indiana,14263,County 263,23,93250,66718,12.7,5.6,16.8,29.4,10.3,29,26.3
2023,IN,Indiana,14266,County 266,36,31432,25880,15.4,10.2,9,23.9,8.6,31.4,22.2
2023,IN,Indiana,14302,County 302,3,9625,7659,14,10.6,20,26,11.3,30.8,28.5
2023,IN,Indiana,14336,County 336,69,63084,43816,16.3,9,20.5,27,14.4,34.5,28.2
2023,IN,Indiana,14350,County 350,72,94414,64496,13.4,1.6,8.8,26.5,4.8,33.1,18.1
2023,IN,Indiana,14446,County 446,47,288361,226919,14.8,8.9,11.6,28,10.8,31.3,19
2023,IN,Indiana,14448,County 448,20,27765,23002,11.5,14.6,16.4,27,10.9,33.2,27.8
2023,IN,Indiana,14501,County 501,17,52985,41472,9.4,8.4,18.3,33.2,6.1,39.3,26.8
2023,IN,Indiana,14516,County 516,59,263300,204064,15.4,10.5,22.2,31.4,15.2,38.1,23.8
2023,KS,Kansas,16020,County 020,57,871819,677049,22.7,10.8,19.8,28.9,14.8,38.8,27.2
2023,KS,Kansas,16080,County 080,77,149964,107589,19.3,9.2,22.1,36.7,15.6,32.5,27.7
2023,KS,Kansas,16237,County 237,67,27940,22296,14.1,7.4,18.8,32.8,14.3,33.2,28
2023,KS,Kansas,16259,County 259,56,69637,48714,18.7,12.9,20.4,35.7,14.6,38,31.1
2023,KS,Kansas,16304,County 304,67,39349,31756,14.4,12.5,23.2,32.3,16.1,36.8,24.1
2023,KS,Kansas,16444,County 444,62,256331,189087,15.8,1.7,10.5,24,12.2,28.9,23.8
2023,KY,Kentucky,17066,County 066,51,27023,21408,14.3,10.9,14.8,29.4,6.8,32,23.8
2023,KY,Kentucky,17179,County 179,66,18476,13282,8.2,3.8,11.6,35,10.8,35.6,23.8
2023,KY,Kentucky,17180,County 180,44,27793,19703,6.6,6.1,6.8,31.7,5.1,27.3,16.6
2023,KY,Kentucky,17299,County 299,16,12752,10469,13.7,7.3,13.5,25.5,6.3,28.9,21.8
2023,KY,Kentucky,17351,County 351,16,392533,302022,9.4,8.8,12.8,29.3,4.8,31.7,23.2
2023,KY,Kentucky,17428,County 428,42,85486,64732,17.6,7.7,17.1,33.5,11.1,34.5,25.5
2023,KY,Kentucky,17465,County 465,64,20785,15491,13.9,11.8,16.6,30.5,14.9,38.8,32.6
2023,KY,Kentucky,17487,County 487,7,48990,34514,12,12.1,13,32.5,12.8,37.2,24.5
2023,LA,Louisiana,18023,County 023,23,251717,195995,13.3,6.5,15.2,30.1,6.9,32.6,26.1
2023,LA,Louisiana,18033,County 033,57,396480,318268,15.6,7.2,12.3,23.6,8,25.3,16.6
2023,LA,Louisiana,18041,County 041,33,25129,17757,6,2.1,10.5,23.7,7.8,31.6,25.2
2023,LA,Louisiana,18062,County 062,13,11897,9851,23.1,15.5,16.9,30.8,10.2,36.3,26
2023,LA,Louisiana,18081,County 081,19,139918,105591,9.1,1,1.2,19.5,1,20.2,16.3
2023,LA,Louisiana,18119,County 119,74,70672,54122,12.3,1.7,13.8,32.3,7,37,28.7
2023,LA,Louisiana,18159,County 159,63,220780,174200,11.4,11,9.5,22.3,6,32.3,21
2023,LA,Louisiana,18174,County 174,7,75439,57668,22.6,15.7,17.7,33.8,13.3,41.1,29.8
2023,LA,Louisiana,18188,County 188,57,157890,114047,17.6,12.7,9.8,28.2,20.9,39.3,22.6
2023,LA,Louisiana,18193,County 193,69,193507,156901,20,15.5,19.4,34.3,15.4,36.3,28.4
2023,LA,Louisiana,18247,County 247,52,26252,20874,15.7,18.3,27.5,37.3,17.7,39.1,36
2023,LA,Louisiana,18286,County 286,55,31277,22675,13.4,5.1,5.3,22.4,3,21.1,27.2
2023,LA,Louisiana,18394,County 394,51,440888,338410,14.2,5.2,17.8,32.8,14.1,34.1,24.5
2023,LA,Louisiana,18443,County 443,77,121768,93083,15.2,11.6,19.4,32.1,14.6,38.5,29.7
2023,LA,Louisiana,18467,County 467,45,9924,6765,21.9,16.2,25.1,36.6,22.4,42.7,41.3
2023,LA,Louisiana,18506,County 506,52,224625,164031,16.5,9.5,21.7,26.2,12.1,32.7,25.7
2023,MA,Massachusetts,21004,County 004,27,107830,77482,19.4,18.4,17.6,38.4,19,35.3,29.5
2023,MA,Massachusetts,21068,County 068,23,599580,501929,15,15.1,11.8,31.5,8.3,31,25.4
2023,MA,Massachusetts,21096,County 096,43,21182,15059,16.1,7.8,23,31.8,12.6,36.5,26.1
2023,MA,Massachusetts,21141,County 141,73,158091,119620,18.1,10.1,18.7,29.8,15.4,31.2,24
2023,MA,Massachusetts,21198,County 198,19,47435,37455,10.6,12.8,21.7,33.2,11.8,36.9,26
2023,MA,Massachusetts,21250,County 250,1,119956,97691,1,2.1,8,20.5,1.7,27.8,12.7
2023,MA,Massachusetts,21285,County 285,21,69042,54194,15,18.3,17.2,31.9,18.1,35.9,30.5
2023,MA,Massachusetts,21306,County 306,58,104062,82239,18.3,19.3,18.6,42.6,22.6,39.6,30.5
2023,MA,Massachusetts,21359,County 359,14,24641,18137,11.1,13.1,16.1,36.7,17.6,37.5,29.6
2023,MA,Massachusetts,21447,County 447,73,33895,26986,3.7,2.6,5.6,18.2,1,30.1,20.8
2023,MD,Maryland,20039,County 039,49,186393,137999,13.8,12.2,20.6,31.4,10.7,35.1,27.4
2023,MD,Maryland,20055,County 055,34,311659,222378,12.9,3.6,9.5,23.3,3,27,16.6
2023,MD,Maryland,20196,County 196,46,77138,59608,13.1,9,15.2,28,4.8,34.6,23
2023,MD,Maryland,20208,County 208,32,10499,7891,20.3,17.1,24.4,39.7,14.9,40.3,33.5
2023,MD,Maryland,20314,County 314,69,16407,12612,9.2,11.3,10.8,30.5,11.1,31.1,22.7
2023,MD,Maryland,20331,County 331,14,85032,71328,3.8,5.5,12,26.2,2.7,32.6,19.4
2023,MD,Maryland,20348,County 348,45,176175,133260,19.3,19.6,17.2,29.4,11.4,35.4,23.4
2023,MD,Maryland,20354,County 354,28,93573,65939,17.3,12.8,18.8,23.9,9.2,32.7,24.1
2023,MD,Maryland,20370,County 370,20,30370,24171,15.9,9.8,10,27.6,6.4,35.2,19.6
2023,MD,Maryland,20470,County 470,69,138769,99793,17,12.4,15.4,37.7,5.9,30.9,22.4
2023,ME,Maine,19025,County 025,27,97327,77532,16.1,14.1,16.2,29.4,14.2,34.9,20
2023,ME,Maine,19272,County 272,32,55693,40700,10.5,10.7,12.4,33.1,7,33.3,19.5
2023,ME,Maine,19345,County 345,77,16405,11710,7.5,8.9,13.1,27.4,11.7,25.5,18.4
2023,ME,Maine,19363,County 363,30,108634,77570,9,8.3,9.4,29.8,5.3,31.4,22.2
2023,ME,Maine,19371,County 371,73,18932,14842,9.8,5.7,14.4,31.2,5.7,33.9,23.9
2023,ME,Maine,19377,County 377,22,46221,38309,8.1,5.5,14.9,32.4,11.7,34.6,23.5
2023,ME,Maine,19424,County 424,42,18760,13299,9.4,10.2,13.5,33.3,13.1,33.6,25
2023,ME,Maine,19479,County 479,67,255331,195594,15,12.3,14.7,31.9,13.3,38,24.8
2023,ME,Maine,19480,County 480,35,121899,85123,5.1,1,7.6,25.6,9.4,31.4,24.9
2023,ME,Maine,19503,County 503,16,23064,16792,19.8,10,21.2,36.7,12.4,35.8,31.4
2023,MI,Michigan,22124,County 124,13,201190,149546,8,1,10,20.8,2.4,24,14.7
2023,MI,Michigan,22143,County 143,17,43931,35982,19.6,15.9,25.6,36.2,18.4,40.3,27.3
2023,MI,Michigan,22313,County 313,58,109125,87444,11.5,1,9.5,27,4.8,30.3,28.1
2023,MI,Michigan,22461,County 461,78,127413,104011,24,10.2,16.5,31.4,7.6,32.5,23.7
2023,MN,Minnesota,23054,County 054,22,7482,5699,4,5.9,5.6,25.1,1,24.7,15.7
2023,MN,Minnesota,23085,County 085,27,118685,89959,21.5,18.7,19.1,38.4,15.3,40,28.4
2023,MN,Minnesota,23116,County 116,45,10507,7524,15.1,15.2,19.6,35.5,20.2,38.9,34.1
2023,MN,Minnesota,23195,County 195,19,119115,81337,15.5,10.3,14.7,30.5,19.7,35.5,22.6
2023,MN,Minnesota,23226,County 226,5,71200,57889,14.7,19.9,16.8,34.5,13.1,34.2,25.6
2023,MN,Minnesota,23419,County 419,39,14007,9910,17.3,7.5,17,29.9,15.2,29.7,28.3
2023,MN,Minnesota,23475,County 475,49,751990,613438,13.8,9.4,10.5,30.5,12.8,35.9,24
2023,MO,Missouri,25014,County 014,55,26489,20178,14.7,8.5,12.5,23.9,2.4,30.9,17.4
2023,MO,Missouri,25016,County 016,65,43356,32268,8.1,1,7.4,22.7,3.3,27.8,17.3
2023,MO,Missouri,25038,County 038,26,8691,6703,19.2,7.2,14.8,37.9,11.8,27.3,23.1
2023,MO,Missouri,25075,County 075,53,53828,44816,8.3,11,11.1,27,4.9,31.8,21.5
2023,MO,Missouri,25140,County 140,7,45677,35855,9.1,8.1,7.7,25.6,3.9,31.3,23.6
2023,MO,Missouri,25171,County 171,16,47526,39669,9,6.8,15.7,23.8,8.3,29.4,23.4
2023,MO,Missouri,25292,County 292,59,101924,85448,15.5,8.6,13.9,27.4,11.8,34.5,22.9
2023,MO,Missouri,25326,County 326,6,66695,54472,16.7,9.7,13.5,29.2,11.2,33.5,27.8
2023,MO,Missouri,25387,County 387,36,150163,107339,18.6,10.3,12,40.5,11.6,27.8,28.2
2023,MO,Missouri,25401,County 401,23,119745,93471,15.6,16.8,16.7,28.9,9.3,37,25.4
2023,MO,Missouri,25406,County 406,76,652329,488791,6.5,8,12.1,22,5.4,27.7,22.2
2023,MO,Missouri,25486,County 486,56,29254,20943,15.4,10.5,16.1,34.6,9.6,38.3,27.8
2023,MO,Missouri,25504,County 504,20,44846,33842,17.7,9.6,15.3,36.5,16,35.7,23.8
2023,MS,Mississippi,24074,County 074,15,65073,52035,13.4,8.3,17.6,24.5,12.9,33.9,27.1
2023,MS,Mississippi,24082,County 082,79,71771,53401,20.7,10.8,19.7,30,11.7,36.3,22
2023,MS,Mississippi,24148,County 148,80,36460,25671,2.7,1.9,10,22.3,1.8,25.4,16.6
2023,MS,Mississippi,24151,County 151,15,168716,119425,14.3,13.5,11,26.4,12.5,30.9,24.7
2023,MS,Mississippi,24230,County 230,40,82226,68554,10.5,5.9,14.4,30.9,3.1,28.4,27.6
2023,MS,Mississippi,24243,County 243,45,29310,22481,10.5,10.7,13.9,27.3,4.4,26.4,29.1
2023,MS,Mississippi,24298,County 298,46,57987,43793,18.7,14.8,19.4,34.3,11,39.2,24.8
2023,MS,Mississippi,24329,County 329,24,117424,90636,17.5,2.2,14,27.7,11.6,32.4,24.5
2023,MS,Mississippi,24335,County 335,26,141845,103766,15.2,11.3,20,35.9,8.4,36.4,30
2023,MS,Mississippi,24340,County 340,78,129051,97664,19,16.4,22.1,32.1,12.6,43.4,33.4
2023,MS,Mississippi,24384,County 384,68,30338,24347,10.2,7.6,19.3,30.9,12.1,28.1,27.8
2023,MS,Mississippi,24392,County 392,78,172681,125921,8.1,4.6,11.4,25.3,8.4,28.7,24.6
2023,MS,Mississippi,24449,County 449,70,40534,33847,13.1,2.7,7,27,7.4,23.3,20.1
2023,MS,Mississippi,24452,County 452,38,33457,27455,12.3,11.5,19,30.5,7.3,29.8,24.4
2023,MT,Montana,26013,County 013,49,15125,11457,20.1,7.4,23.2,40.7,17.4,39.1,29.5
2023,MT,Montana,26015,County 015,76,172636,124363,10.7,8,13,26.3,10.3,33.4,25
2023,MT,Montana,26019,County 019,64,80940,56740,13.5,12,21.8,31.7,14.3,32,21.9
2023,MT,Montana,26026,County 026,10,19320,14688,13.2,1.8,8.2,32.2,13,30.8,21.8
2023,MT,Montana,26028,County 028,37,78094,58070,13.4,2.5,10.8,28.7,5.2,35,21.6
2023,MT,Montana,26083,County 083,18,40539,31596,6.4,4.4,9.9,26.3,8.7,23.7,21.2
2023,MT,Montana,26120,County 120,64,19113,15194,12,9.8,9.1,29.6,9.4,28.4,29.9
2023,MT,Montana,26182,County 182,26,95338,75900,11.5,11.9,17.8,27.2,17.5,36,28.6
2023,MT,Montana,26204,County 204,49,96054,74963,12,2.1,15.8,34,9.5,30.7,24.9
2023,MT,Montana,26238,County 238,31,94193,69809,11.4,9.6,14.6,33.1,15.3,31.4,24.6
2023,MT,Montana,26261,County 261,76,46607,37622,15.1,9.6,15.1,22.9,14.1,21.9,19.7
2023,MT,Montana,26282,County 282,70,50438,38160,22.1,11.2,17.5,32,18.2,37.7,33
2023,MT,Montana,26290,County 290,42,37315,27685,8.2,8.8,9.9,23.2,4.7,27,24.3
2023,MT,Montana,26343,County 343,24,274663,197016,18.6,10.4,22.4,32.5,16.1,35.7,23.4
2023,MT,Montana,26397,County 397,66,139562,100634,13,1.1,11.8,32.8,14.6,28.2,21
2023,MT,Montana,26437,County 437,57,129270,91938,19,7.3,16.6,34.6,11.6,35,23.1
2023,MT,Montana,26482,County 482,70,81377,55471,13.1,8.6,21,22,16.5,26.3,24.8
2023,NC,North Carolina,33050,County 050,15,180030,135691,15.6,16.2,13.3,34.5,19.8,36.3,27.8
2023,NC,North Carolina,33157,County 157,12,111808,80876,17,9.4,18.4,34.8,16.2,34.7,26.9
2023,NC,North Carolina,33212,County 212,12,27823,21330,15.1,9.1,17.8,31.9,14.5,32.9,26.5
2023,NC,North Carolina,33248,County 248,73,67153,55525,18.6,5.4,17.9,35.9,7.7,31.6,27.7
2023,NC,North Carolina,33330,County 330,51,76865,52621,15.9,8.9,13.2,29.1,12.2,28.9,28.6
2023,NC,North Carolina,33383,County 383,15,35878,28313,16.1,13.7,14.1,33.4,19.8,31.4,25.8
2023,NC,North Carolina,33388,County 388,73,44510,32610,19.8,9.8,19.8,34.1,10.8,35.2,26.2
2023,NC,North Carolina,33390,County 390,22,46579,36204,10.3,2.1,6.9,31.4,4.7,26.3,18.2
2023,NC,North Carolina,33418,County 418,67,72193,59480,13.4,12.4,16.1,32.9,11.6,34.6,26.6
2023,NC,North Carolina,33498,County 498,79,11193,8919,12,3.3,9.8,29.7,11,32.1,14.8
2023,NC,North Carolina,33512,County 512,40,131221,91398,23.8,15.8,12.4,36.9,13.3,34.1,29.8
2023,ND,North Dakota,34042,County 042,72,158907,110469,18.6,10.1,16.2,33.5,14.1,35,30.6
2023,ND,North Dakota,34079,County 079,21,132674,97681,12.2,12.3,18.7,33.7,10.4,36.3,22.7
2023,ND,North Dakota,34183,County 183,31,78865,58714,14.7,7.3,14.4,29.5,16.2,30.6,26.5
2023,ND,North Dakota,34288,County 288,1,51326,41655,19.9,16.9,17.6,35.5,12.9,28.7,23.8
2023,ND,North Dakota,34327,County 327,46,30249,22503,16.9,17.2,15.5,33.7,12,36,28.4
2023,ND,North Dakota,34360,County 360,65,125253,95157,8.6,10.9,11.6,29.7,6.1,35.1,20.3
2023,ND,North Dakota,34459,County 459,72,29381,22717,27.9,15.9,23.3,39.3,22.7,44.9,33.1
2023,NE,Nebraska,27094,County 094,6,90219,63273,7.9,1,7.8,23,4.3,20,15.2
2023,NE,Nebraska,27187,County 187,48,47378,32274,12.1,10.4,13.6,33.1,13.4,32.8,17.3
2023,NE,Nebraska,27190,County 190,79,181227,146444,1.8,1,3,16.8,1,23.1,10.3
2023,NE,Nebraska,27214,County 214,29,124587,95755,16.4,3.5,21.2,32.2,14.7,36,29.8
2023,NE,Nebraska,27287,County 287,17,120228,83001,11,13.7,17.7,28.2,14,37.8,28.9
2023,NE,Nebraska,27312,County 312,57,68175,53445,23.7,14.2,22.6,35.8,17.8,38.8,28.3
2023,NE,Nebraska,27368,County 368,28,280227,232979,12.3,11.7,14.2,28,11.7,35.7,24.2
2023,NE,Nebraska,27407,County 407,16,90291,69194,11.4,15,14.4,26.2,5.8,30.1,24.3
2023,NE,Nebraska,27429,County 429,45,99971,72336,15.7,16.4,21.2,33.5,15.6,38.5,27.2
2023,NE,Nebraska,27472,County 472,24,37296,26114,3.2,2.2,12.2,21.9,1.5,16.2,15.2
2023,NE,Nebraska,27497,County 497,57,113760,92768,15,6.4,17.4,29.7,14.2,31.9,25.7
2023,NH,New Hampshire,29049,County 049,13,869879,617536,20.2,15.3,27.3,36,20.6,41.2,32.5
2023,NH,New Hampshire,29051,County 051,73,104905,87265,18.6,5.6,13.5,24.3,7.4,22.1,20.8
2023,NH,New Hampshire,29109,County 109,56,14796,11158,13.9,16.7,16.4,37,12.2,43.4,29.2
2023,NH,New Hampshire,29133,County 133,2,205088,158976,19,10.7,18,31.9,12.2,36.3,26.1
2023,NH,New Hampshire,29253,County 253,35,189117,140615,20,11.1,16.6,33.7,14.2,35.3,23.5
2023,NH,New Hampshire,29338,County 338,18,125370,99479,3.6,3.7,8.5,23.6,6.8,28.1,18.6
2023,NH,New Hampshire,29367,County 367,26,60610,46985,14.3,8.5,23.7,38.6,10.5,38.2,28.2
2023,NH,New Hampshire,29474,County 474,18,9783,7429,13.4,7.1,15.9,26.7,10.1,36,21.2
2023,NJ,New Jersey,30010,County 010,10,154261,117222,9.6,2.2,11.8,23.2,3.2,22.2,16.4
2023,NJ,New Jersey,30017,County 017,19,586378,429713,9.3,9.5,12.2,31.1,6.8,33.6,30.1
2023,NJ,New Jersey,30035,County 035,79,319607,244027,10.8,1,21.7,23.1,13.2,33,21.3
2023,NJ,New Jersey,30092,County 092,26,45273,32959,10.9,14.3,12.5,30.3,13.5,32.6,28.6
2023,NJ,New Jersey,30102,County 102,16,148872,123600,20,13.3,18,36.5,15.4,40.3,28.9
2023,NJ,New Jersey,30113,County 113,17,139199,108995,10.8,7.7,10.8,21.3,7.6,25.8,25.8
2023,NJ,New Jersey,30145,County 145,40,206629,168168,18.3,12.9,20.6,29.8,10.5,32.3,23
2023,NJ,New Jersey,30189,County 189,20,42183,29194,8.6,9.2,13.8,27,8.3,24.9,27.9
2023,NJ,New Jersey,30241,County 241,64,86763,66985,16.7,9.1,12.7,33.9,20.2,29.7,29.7
2023,NJ,New Jersey,30398,County 398,77,259176,215160,20.5,13.9,26.2,39.6,16.6,37.1,28.7
2023,NJ,New Jersey,30507,County 507,4,46042,31405,16.4,9.8,13.9,32.3,12.6,38,24.6
2023,NJ,New Jersey,30515,County 515,23,24171,18570,12.5,7.8,15,29.3,13.2,28.6,24.5
2023,NM,New Mexico,31101,County 101,23,142275,101102,12.3,19.4,13.4,36.9,7.9,39.2,22.6
2023,NM,New Mexico,31127,County 127,18,43845,31663,18.1,15,19,33.9,13.1,36.7,32.5
2023,NM,New Mexico,31200,County 200,52,31297,25945,15.5,12.9,26,27.5,14,32,27
2023,NM,New Mexico,31213,County 213,80,15068,12539,6.6,1,1,14.6,1,23.3,9.8
2023,NM,New Mexico,31293,County 293,63,890091,716905,12.2,5,9.1,28,10.1,32.2,18.2
2023,NM,New Mexico,31319,County 319,58,32844,25576,18.2,13.3,19.3,34.6,15.3,34,22.8
2023,NM,New Mexico,31342,County 342,8,106343,87426,14.3,5.8,18.4,31.6,10.7,35.9,35.3
2023,NM,New Mexico,31358,County 358,24,92059,66825,10.1,14.7,18.4,32.1,13.7,29,21.9
2023,NM,New Mexico,31379,County 379,12,275417,230603,22.2,20.3,24.9,39,18.7,38.2,34.8
2023,NM,New Mexico,31454,County 454,27,131850,101737,20.3,13.1,14.3,38.8,16.4,39.4,23.6
2023,NM,New Mexico,31484,County 484,22,259776,188884,14.2,11.6,17.2,35.8,16.8,40.7,25
2023,NM,New Mexico,31519,County 519,47,72218,50042,19.6,14.3,19.7,37.2,15.3,39.1,33.8
2023,NM,New Mexico,31520,County 520,68,28674,21771,18.8,16.9,19.1,34.4,11.9,40.6,26.2
2023,NV,Nevada,28044,County 044,26,53385,39340,16.6,14.9,21,31.5,13.3,33.8,24.1
2023,NV,Nevada,28047,County 047,36,214945,172909,7.2,4.4,10.2,17.6,1,22.6,21.8
2023,NV,Nevada,28087,County 087,42,434502,322961,11.4,4,11,22.8,9.4,31.6,20.4
2023,NV,Nevada,28104,County 104,22,156910,131375,24,19.7,19.7,36.4,22.4,37.3,29.7
2023,NV,Nevada,28106,County 106,69,406158,276756,5.8,3.1,1,19.9,1.3,21.2,15.6
2023,NV,Nevada,28242,County 242,77,42327,29004,14.6,10.7,16.2,29.5,10.7,37.8,30
2023,NV,Nevada,28257,County 257,52,14852,11425,10.6,3.5,10.5,33.1,7.2,27.5,21.1
2023,NV,Nevada,28294,County 294,15,47565,34604,19.8,11.5,19.9,36.7,14.6,34.4,30.4
2023,NV,Nevada,28321,County 321,50,8001,5711,14.8,6.3,17.7,29.7,7.3,34.4,24.6
2023,NV,Nevada,28347,County 347,76,67859,52770,3.2,7.3,8.2,18.5,4.6,24.2,15.3
2023,NV,Nevada,28376,County 376,78,50994,39340,10.9,6.3,13.7,28.4,11.6,35.3,22.6
2023,NV,Nevada,28435,County 435,10,27011,21450,12.8,5.4,7.7,26.2,9.2,35,21.7
2023,NV,Nevada,28491,County 491,25,99690,71019,25.7,15.2,15.4,36.5,16.1,37.2,33.5
2023,NY,New York,32027,County 027,22,147168,105628,17.6,2.6,14.1,32.3,15.7,34.5,19.3
2023,NY,New York,32071,County 071,68,247737,187518,8.7,8.9,15.5,28.1,10.3,32.3,27.7
2023,NY,New York,32073,County 073,37,11311,9106,17.7,12,10.2,35.2,11.8,30.3,22.4
2023,NY,New York,32088,County 088,8,71054,50530,14.5,5.5,8.6,29.2,4.5,34.4,23.8
2023,NY,New York,32118,County 118,53,165908,133243,18.5,13.8,22.9,35.2,18.8,38.3,34
2023,NY,New York,32177,County 177,17,148383,107712,10.2,1,5,25.1,7.3,36,21.2
2023,NY,New York,32185,County 185,68,39820,29898,17,11,17.6,29.8,10.6,34.8,31.9
2023,NY,New York,32291,County 291,56,23642,19304,14.4,11.9,19.1,30,9.8,29.4,26.8
2023,NY,New York,32296,County 296,32,25472,18390,15,16.5,16.9,32.4,12,36.4,22
2023,NY,New York,32301,County 301,75,4064,3202,2.4,9.2,10.5,24.8,1.4,24.5,19
2023,OH,Ohio,35040,County 040,38,71432,57856,10.7,1.7,6.7,28.3,7.1,26.8,15.1
2023,OH,Ohio,35125,County 125,62,85044,62644,6.6,4.1,9,24.7,9.7,24,10.9
2023,OH,Ohio,35152,County 152,61,808619,609717,10.3,1,4.3,21.6,3.6,20.3,22.2
2023,OH,Ohio,35176,County 176,59,60225,49823,18.5,10.9,22.1,35.5,14.5,32.1,26.3
2023,OH,Ohio,35274,County 274,10,50031,35985,10.4,3.9,8.1,29.5,8.9,33.3,25.3
2023,OH,Ohio,35311,County 311,58,123123,87828,15.4,11.5,18.5,34.5,17,32.8,28.5
2023,OH,Ohio,35353,County 353,5,18360,12972,16.7,11.9,11.2,31.5,12.3,34.5,26.6
2023,OH,Ohio,35375,County 375,4,96323,78521,17.5,15.1,20.4,33.9,16.3,40.2,34.9
2023,OH,Ohio,35433,County 433,53,90491,62240,15,8.4,15.4,31.2,10.8,31.4,26.5
2023,OH,Ohio,35496,County 496,59,34222,23978,24.5,21.3,16.8,36.7,14.4,38.4,30.8
2023,OK,Oklahoma,36211,County 211,10,146256,116840,14.8,14.8,20.4,34.2,10.8,30.2,30.1
2023,OK,Oklahoma,36252,County 252,56,137218,97652,6.8,3.6,6.2,23.1,5.1,30.3,19.3
2023,OK,Oklahoma,36258,County 258,47,90661,69782,6.8,7.6,8.3,26.8,5.8,27.6,16.9
2023,OK,Oklahoma,36366,County 366,55,42659,33005,10.3,2.8,7.4,24.2,6.8,27.4,20.4
2023,OK,Oklahoma,36374,County 374,39,105865,72883,14.2,12.1,14.8,27.9,10.9,37.7,29.3
2023,OK,Oklahoma,36405,County 405,56,36676,27096,8.6,6.4,9.6,29,2.8,27.8,18.5
2023,OK,Oklahoma,36430,County 430,22,55918,41709,13.5,7.5,13.7,30.6,9.4,29.9,23.9
2023,OK,Oklahoma,36431,County 431,19,29240,22237,16.1,17.9,16.6,35.8,15.8,38.1,33
2023,OK,Oklahoma,36440,County 440,48,13438,9929,9.5,5,6.4,28.2,11,32.8,19.6
2023,OK,Oklahoma,36473,County 473,22,14739,10032,16.3,10.3,19,27.3,10.6,36.6,25.9
2023,OK,Oklahoma,36492,County 492,5,468982,363749,10.2,12,5.6,29.1,8.6,30.8,21.7
2023,OR,Oregon,37034,County 034,61,15525,12773,15.1,9.5,15.3,37.4,17,39.2,26.2
2023,OR,Oregon,37072,County 072,14,397136,316679,18.9,19.3,22.7,36.1,19.7,38.6,29.4
2023,OR,Oregon,37163,County 163,55,191097,130761,12.3,5.5,10.6,29.9,10,32.3,27.9
2023,OR,Oregon,37239,County 239,71,19852,16348,12.7,11.5,12.7,26.9,9.8,28.9,24.8
2023,OR,Oregon,37256,County 256,36,95273,73074,8.3,1.2,10.3,28.8,8.2,28.2,21.7
2023,OR,Oregon,37303,County 303,79,72198,60536,6.8,7.5,12.4,22.2,4.5,26.2,15.6
2023,OR,Oregon,37361,County 361,10,44210,30079,20.7,17.1,21.1,36.8,12.1,35.7,29.3
2023,OR,Oregon,37455,County 455,43,641255,536537,20.1,16.8,15.3,29.1,14.6,35.3,28.3
2023,OR,Oregon,37478,County 478,55,112156,92486,8.9,9.2,10.8,30.9,4.2,31.8,25.7
2023,PA,Pennsylvania,38137,County 137,13,27218,19675,18.9,13.7,15.7,32.5,14,41.8,26.7
2023,PA,Pennsylvania,38155,County 155,79,83267,69799,16,10.3,16.6,32.9,11.3,40.3,30
2023,PA,Pennsylvania,38175,County 175,5,6654,4618,15,11.2,16.1,31.8,16.8,26.9,29.2
2023,PA,Pennsylvania,38244,County 244,8,59065,44721,5.9,1,7.8,18.9,7.3,29.3,11.2
2023,PA,Pennsylvania,38246,County 246,13,25854,21047,13.6,10.8,19,26.2,14.6,34,23.4
2023,PA,Pennsylvania,38324,County 324,66,37342,27868,9.5,11.2,13.2,29.8,1,28.3,14.6
2023,PA,Pennsylvania,38396,County 396,3,133325,100914,9.9,10.2,15.4,32.1,10.6,37.7,30
2023,PA,Pennsylvania,38415,County 415,19,103743,83317,16.2,8.4,20.3,23.6,16,37.2,25.5
2023,RI,Rhode Island,39012,County 012,52,72314,51249,17.8,11.6,16.7,29,12.6,35.6,27.3
2023,RI,Rhode Island,39099,County 099,34,11964,9692,13.9,13.1,11.2,31.3,10.1,38.9,26.7
2023,RI,Rhode Island,39215,County 215,79,60170,45860,20.8,11,22.2,31.3,15.2,32.4,31.1
2023,RI,Rhode Island,39382,County 382,59,21686,15773,1,1,4.2,23,1,16.5,15
2023,RI,Rhode Island,39425,County 425,8,17536,14203,11,8.4,17.1,30.8,11.1,32.7,27
2023,RI,Rhode Island,39427,County 427,63,25567,19446,10.8,2.4,11.6,25.4,1,28.3,28.5
2023,RI,Rhode Island,39505,County 505,38,29735,21260,14.3,7,15.9,22.5,10.1,31.3,20
2023,SC,South Carolina,40002,County 002,25,70379,57708,23.8,17.4,22.8,39.7,12.7,35,36.2
2023,SC,South Carolina,40021,County 021,33,28798,19907,13.2,12,15.7,30.7,12.4,38.8,27
2023,SC,South Carolina,40046,County 046,55,50373,35677,19.6,5.9,24.2,33,6.4,36.8,26
2023,SC,South Carolina,40048,County 048,18,10678,7542,14.3,10.2,11.2,22.8,9.2,30.9,21.3
2023,SC,South Carolina,40057,County 057,45,7912,6501,25,18.9,31.5,43.2,21.6,38.4,33.9
2023,SC,South Carolina,40098,County 098,77,309225,213378,7.7,14.7,14.4,34.6,10.7,31.3,26.4
2023,SC,South Carolina,40103,County 103,18,152348,115063,7.6,6.9,15.5,27.2,7,35,24.3
2023,SC,South Carolina,40136,County 136,29,118365,94639,12.6,13.7,13.9,38.7,13.7,32.8,26.5
2023,SC,South Carolina,40228,County 228,1,100000,77333,13.4,4.1,13,27.5,7.6,31.3,19.4
2023,SC,South Carolina,40236,County 236,56,192186,137191,13.9,12.3,12.5,29.7,10.9,26.7,27.4
2023,SC,South Carolina,40249,County 249,72,231190,167146,19.2,12.4,17.2,34.4,12.4,34.1,26.5
2023,SC,South Carolina,40254,County 254,67,37412,27795,12.7,14.1,15,32.7,15.7,29.9,22.5
2023,SC,South Carolina,40373,County 373,57,38668,27561,13.6,9.9,15.2,29.6,6.9,41.1,29.9
2023,SC,South Carolina,40378,County 378,78,287532,236605,12.8,6.1,11.5,25,4.6,30,21.1
2023,SC,South Carolina,40414,County 414,69,15954,11620,22.6,16,22.9,39.6,13.7,36.3,32.3
2023,SC,South Carolina,40416,County 416,44,54133,44658,8.7,4.5,6.1,28.7,1,27.7,23.7
2023,SC,South Carolina,40495,County 495,25,60479,47881,7.4,1,5.9,23.9,8,26.9,21.1
2023,SC,South Carolina,40511,County 511,71,8812,7200,12,13.4,19.1,35,10.8,34,25.8
2023,SD,South Dakota,41060,County 060,1,24579,20354,15.4,2.7,15.7,30.5,7.7,32.6,23.3
2023,SD,South Dakota,41117,County 117,39,85601,59760,5.8,1,6,17.9,1.2,21.7,17.8
2023,SD,South Dakota,41269,County 269,63,191563,145664,9.8,12.7,14.7,31.4,9.6,37.2,20
2023,SD,South Dakota,41277,County 277,41,62597,42811,24,15.7,21.1,36.8,16.4,37.5,27.2
2023,SD,South Dakota,41337,County 337,50,22059,15673,21.2,19.4,25.2,42.7,20.8,36.7,32
2023,SD,South Dakota,41404,County 404,59,155253,117159,18.9,14.9,20.9,27.1,14.4,36.6,31.4
2023,SD,South Dakota,41411,County 411,37,121630,88115,22,9.6,19.4,35.7,17.7,36.3,26.1
2023,SD,South Dakota,41421,County 421,5,140325,105877,9.8,3.9,12.4,31.1,5.7,31.5,22.2
2023,SD,South Dakota,41422,County 422,24,542521,380376,15.4,8.1,14.5,27.3,8.8,28.4,22.9
2023,SD,South Dakota,41476,County 476,51,13937,10775,12.2,1.9,12.2,25.9,4.3,24.7,22.3
2023,SD,South Dakota,41513,County 513,58,76653,60037,8.7,2.4,3.1,18.7,1,23.3,19.3
2023,TN,Tennessee,42007,County 007,48,103031,72986,17.3,11.4,11.5,29.1,6.2,31.3,27.8
2023,TN,Tennessee,42030,County 030,6,239033,165739,4.5,1.2,11.2,22.7,7,24.9,16.5
2023,TN,Tennessee,42135,County 135,13,87978,69546,11.8,8.2,14.1,29.3,6.2,27.8,23.5
2023,TN,Tennessee,42147,County 147,38,165098,121499,10.7,7.7,12.2,30.1,6.9,27.1,26.1
2023,TN,Tennessee,42181,County 181,67,48108,34630,13.4,9.8,13.8,29,10,32,22.5
2023,TN,Tennessee,42281,County 281,22,54749,38075,24.9,15.1,22.9,40.2,19.1,39.5,33.8
2023,TN,Tennessee,42284,County 284,16,101675,70108,4.6,8.2,11.9,27,6,24.9,16.5
2023,TN,Tennessee,42308,County 308,66,76049,61412,15.2,11.5,19,35.8,17.9,38.6,24.8
2023,TN,Tennessee,42451,County 451,18,9901,6736,22.7,17.6,19.5,38.6,11,39.9,31.3
2023,TN,Tennessee,42490,County 490,59,23664,17760,21,8.2,15.9,32.1,11.2,31.1,27.6
2023,TN,Tennessee,42499,County 499,67,26776,20570,19.3,13.4,22.7,39.7,10.5,37.7,27.8
2023,TN,Tennessee,42508,County 508,25,29282,23037,14.1,10.9,12.9,36.2,8.5,34.1,23.6
2023,TX,Texas,43037,County 037,64,116389,79669,14.7,11.2,16,33.7,8,29.8,24.4
2023,TX,Texas,43115,County 115,6,33602,23473,8.4,1.2,13.9,23.6,4.2,25.6,21.4
2023,TX,Texas,43122,County 122,20,413446,317208,7.3,4.3,9.7,23.9,5,28.9,20.1
2023,TX,Texas,43153,County 153,38,170075,126837,5,1,5.8,24.9,1,28.3,16.7
2023,TX,Texas,43255,County 255,64,199405,163194,21.1,11.4,22.3,34.1,11.8,29.3,28.4
2023,TX,Texas,43305,County 305,28,34461,24414,21.7,19.1,25.5,32.1,17.3,36.9,37
2023,TX,Texas,43332,County 332,73,445671,332590,10.4,4.1,15.2,33.9,12.5,32.1,28.7
2023,TX,Texas,43369,County 369,69,18440,12624,22.4,15.9,23.2,33.5,14.2,41.5,32.1
2023,TX,Texas,43502,County 502,31,44772,34171,20,16,20.2,37.3,18.5,37.2,30.4
2023,UT,Utah,44076,County 076,46,146852,122668,13.9,15.1,21.8,36.5,23.7,35.3,31
2023,UT,Utah,44128,County 128,43,41077,31206,15,5.7,17.2,27.9,8.2,32.1,21.3
2023,UT,Utah,44202,County 202,39,7349,5752,21.8,18.9,25.3,36.6,15.3,37.8,29.7
2023,UT,Utah,44206,County 206,11,58273,47057,13,8.8,13.3,32.7,11.8,28.9,23.9
2023,UT,Utah,44218,County 218,52,25284,21148,14.8,6.8,17.3,29.5,9.3,37.1,22.2
2023,UT,Utah,44273,County 273,4,221840,172787,17.8,1,8.9,31.9,2.5,31.2,19.2
2023,UT,Utah,44278,County 278,36,106507,87241,30.5,9.9,23.7,33.3,8.1,43.3,33.8
2023,UT,Utah,44349,County 349,52,68833,53591,11.7,5.4,10.3,30.5,5,28.7,23.4
2023,UT,Utah,44380,County 380,6,144519,104472,4.6,6.5,17.3,23.1,6.9,32.2,25.8
2023,UT,Utah,44408,County 408,17,10454,7308,19.1,12.3,21.5,33.2,16.2,34.1,30.5
2023,UT,Utah,44463,County 463,44,82366,67912,10.1,5.1,8.5,27,11.3,26.2,20
2023,UT,Utah,44469,County 469,17,75510,53951,15.8,9.9,16.3,30.9,13,29.5,26.6
2023,UT,Utah,44483,County 483,65,30776,23338,13.5,7.2,15,30.1,5.9,27.6,30.7
2023,VA,Virginia,46064,County 064,31,5348,3736,12.4,6.7,14.6,27.3,8.4,22.8,21.4
2023,VA,Virginia,46111,County 111,17,309798,222299,14,13.1,10.8,35.2,15.9,30.9,27.7
2023,VA,Virginia,46130,County 130,6,31301,23307,15.5,4.3,15.1,28.9,8.4,27.6,27.6
2023,VA,Virginia,46134,County 134,75,45436,32356,9.2,12.1,14.4,33.1,11.6,36.7,22.9
2023,VA,Virginia,46139,County 139,34,66894,52680,18.3,9.4,15.4,31.8,14.6,31.5,27.9
2023,VA,Virginia,46144,County 144,30,53489,41059,12.6,8.9,15,30.2,12.4,37.9,20.9
2023,VA,Virginia,46210,County 210,70,26904,18319,11.5,15,15.1,30.4,16.2,35.7,24
2023,VA,Virginia,46240,County 240,69,15801,11510,15.5,8.4,15,29.3,12.3,32.2,28.4
2023,VA,Virginia,46264,County 264,16,14094,10185,17.7,13.1,18.8,36.6,15.7,44.3,33.9
2023,VA,Virginia,46297,County 297,29,36414,27934,17.4,21.8,18.8,40,18.9,37.7,26.5
2023,VA,Virginia,46320,County 320,23,16470,11261,8.5,3,14.4,30.7,5.2,29.4,23.2
2023,VA,Virginia,46355,County 355,12,60316,41241,16.9,13.6,14,33,11.9,33.7,23.5
2023,VA,Virginia,46399,County 399,75,19181,14528,3.4,2.1,9.7,24.2,5.9,28.2,24.2
2023,VT,Vermont,45045,County 045,36,12109,9779,14,19,12.3,26.1,10.7,31.5,28.3
2023,VT,Vermont,45078,County 078,30,35564,25077,10.1,7.7,14.1,27.1,5.4,33.1,20.1
2023,VT,Vermont,45097,County 097,64,147185,109705,17.5,8.4,19.2,34.9,14.9,32.5,26.5
2023,VT,Vermont,45114,County 114,28,16110,12752,13.6,9.4,15.5,33.2,10,39.8,22.6
2023,VT,Vermont,45216,County 216,27,9705,7386,11.1,1.8,9.9,20.8,5.7,29.8,20.7
2023,VT,Vermont,45283,County 283,27,74091,52134,9.1,7.4,12.3,31.7,7.3,29.7,18.5
2023,VT,Vermont,45315,County 315,7,367303,257448,17.8,17.5,18.8,34.8,18.5,36.1,32.5
2023,VT,Vermont,45434,County 434,28,71333,49190,13.2,8.5,15.5,29.9,12,35.1,24.3
2023,VT,Vermont,45445,County 445,51,168890,134916,13.5,4.5,9.8,28.1,12.8,33.8,24.2
2023,WA,Washington,47138,County 138,50,34081,23343,12.8,4.7,9.1,25,2.6,27.2,20.9
2023,WA,Washington,47149,County 149,57,248187,194419,12.7,17,16.3,26.8,7.8,33.5,25.2
2023,WA,Washington,47194,County 194,29,166701,129918,17.3,5.1,14.5,29.2,7.3,32.6,20.6
2023,WA,Washington,47323,County 323,77,21426,16932,25.3,19.7,18.8,39.8,19.4,40.2,35.7
2023,WA,Washington,47334,County 334,3,123055,97490,20.4,11.8,14.2,34.2,12.8,35.4,27.1
2023,WA,Washington,47409,County 409,74,50812,38724,15.2,10.6,12.3,32.3,12.6,32.3,24.5
2023,WA,Washington,47410,County 410,10,28575,22776,7.8,8.5,16,27.5,10.6,24.7,26.2
2023,WA,Washington,47412,County 412,41,144982,111413,8.6,6.2,16.2,21.8,6.5,31.2,23.7
2023,WA,Washington,47441,County 441,35,151491,116753,17.9,8.4,13.7,35.5,10.4,36.5,27.7
2023,WA,Washington,47456,County 456,44,55393,43842,10.8,5.5,13.5,28.3,9.1,32.8,24.7
2023,WA,Washington,47457,County 457,80,12924,8984,25.9,15.2,22.1,32.4,16.3,37.3,34.7
2023,WA,Washington,47489,County 489,50,74991,59124,16.6,15,20.2,37.5,11.3,43.1,28.7
2023,WI,Wisconsin,49069,County 069,20,126260,103343,8.7,2.4,12.9,24.6,9.5,31.2,23.7
2023,WI,Wisconsin,49209,County 209,11,62396,45867,12,3.2,7.9,28.9,4.9,26.6,19.4
2023,WI,Wisconsin,49217,County 217,59,307660,245975,19.7,17.3,20.6,39.4,21.1,40.9,36.2
2023,WI,Wisconsin,49219,County 219,74,115879,88536,20.7,7,15.6,32.9,14.2,30.6,24.5
2023,WI,Wisconsin,49223,County 223,20,61251,44153,18.3,14.1,14.3,27.9,10.7,33.3,22.9
2023,WI,Wisconsin,49333,County 333,28,13677,9777,22,11.2,18.4,39.7,16.5,38.6,29.8
2023,WI,Wisconsin,49362,County 362,24,24068,19512,10.2,7.8,15.9,30.1,11,26.4,27.8
2023,WI,Wisconsin,49420,County 420,79,72900,56472,17.2,13.3,20.4,39,17.5,29.4,30.4
2023,WI,Wisconsin,49493,County 493,60,18026,12774,8,10.8,12.2,31,11.8,30,23.5
2023,WI,Wisconsin,49517,County 517,58,23845,18477,23.8,13.3,22.2,41,19.1,36.1,30
2023,WV,West Virginia,48031,County 031,19,109286,89721,15.8,4.2,15.1,35.6,13.3,34,28.3
2023,WV,West Virginia,48063,County 063,48,31626,24297,14.1,4.9,9.9,24.9,3.3,26.6,17.2
2023,WV,West Virginia,48070,County 070,26,182269,128545,7.1,4.1,13.2,28.2,6.7,29.1,32
2023,WV,West Virginia,48131,County 131,56,37703,26124,21.1,8.6,12.9,32.1,14.8,34.4,31.3
2023,WV,West Virginia,48220,County 220,2,116299,90494,15.7,9.9,18.6,31.3,12.8,34.5,30.9
2023,WV,West Virginia,48322,County 322,26,27547,20599,13.7,9.5,9.8,33,9.3,22.2,21.9
2023,WV,West Virginia,48488,County 488,30,46229,35796,15.2,9.5,11.2,32.6,7.6,34,22.1
2023,WV,West Virginia,48510,County 510,54,46402,33472,5.3,6.3,3.3,22.4,5.6,29.6,25.1
2023,WY,Wyoming,50077,County 077,64,21897,16394,18,11.3,17.7,34.6,11.1,35.4,27.3
2023,WY,Wyoming,50178,County 178,79,32723,22677,9,1,17.8,32.6,2.5,33.6,21.5
2023,WY,Wyoming,50251,County 251,53,63759,44191,18.2,12.3,16,30,12.4,34.2,27.7
2023,WY,Wyoming,50318,County 318,5,92090,65906,11.3,7,15.5,30.9,10.7,28.3,30
2023,WY,Wyoming,50339,County 339,64,74499,55068,20.2,7.2,17.5,33.7,17.1,34.7,28.4
2023,WY,Wyoming,50346,County 346,46,65264,49192,22.4,15.3,18.1,34.9,10.3,33.3,29.1
